insert into "USER" (USER_ID, USERNAME, PASSWORD, EMAIL) values (1, '1 E5JE7VGWB3TTNYT6FS', 'XS25EWS FO9JI5HY25J8DCU4LT6DB3', 'XOS4O2OSPQ9EIQHT5RWIAXUN2B6REJTGL88UO712IBVIG8QDWNSTQ24')
go


insert into "USER" (USER_ID, USERNAME, PASSWORD, EMAIL) values (6, 'FGABOXD2P8XFESMWG0QK', 'ERUSYUL5VKRJXGP2EA2NMCDAQQM4UD', 'JVD23ENVMEAGFL3JY7X8TD7C4VBO05IXK5C5WNY9T4R IP9P8RWMP9S')
go


insert into "USER" (USER_ID, USERNAME, PASSWORD, EMAIL) values (12, '5J1PHIJJI73NI6WLXXT ', '77ROB94Q0FX3OAWOK70D2G5B4QSRGT', '9OJSTHM5RG040SLFD2TPV7 Y1KGOW00RDKJ71 2L6SVRPRGPMCUCP07')
go


insert into "USER" (USER_ID, USERNAME, PASSWORD, EMAIL) values (5, 'TFSFKD4UJSTEVR RHD7N', 'VKN 1UVUVAJBH7J7HDVD46FOUAL09R', 'MNRIJHO7W0N7N9TY7O5QI5C5SUTRL9VI YP GHQ7T7WHA19Y10PFK6V')
go


insert into "USER" (USER_ID, USERNAME, PASSWORD, EMAIL) values (15, 'VI5LQ69OVPJGLYMOVR2U', 'Q9KA1K7NP8C67WIC9N0YNXWG5LBLX0', 'V0TGK 1LXW3U 7HA3U14454KWI HP0O5 DHOVO21SKMMJ1WAFDN6OT5')
go


insert into "USER" (USER_ID, USERNAME, PASSWORD, EMAIL) values (2, 'JOWEU7FQJMBN4P62Y8HG', 'T1RQ43WJM7N5MI8TAPI M4YSVPVD3X', '7LFJ4XXMGPDN37KXN1DPUFWAG4XOEIIPK6P0OB203MMRQR6ARYU0Q7D')
go


insert into "USER" (USER_ID, USERNAME, PASSWORD, EMAIL) values (7, ' YO3AB7WG1HYF5SBVLHG', 'F3IOHOQTX33F7COIY9NAKJFW3D29 D', '5IE8BHQ1GW HEIRUW5KVS KPSL1NRX7N01P3AJA 3HP 4J0ABPL16NF')
go


insert into "USER" (USER_ID, USERNAME, PASSWORD, EMAIL) values (19, 'F0WN5AOV6K1MIDDVBHTK', 'M6H7RKKFEM WS1JMGRXVPUDSEIINU7', '15C2NOIJNGJSIS3TIACAN8XM6EP57Y YM306T0V5X5EOON1TFVIY18F')
go


insert into "USER" (USER_ID, USERNAME, PASSWORD, EMAIL) values (11, ' BCM87PSHO907SEIGY10', 'FT8LQTGC7G3W35BHFRO5TW1XJ6FKR2', 'TT9 WMNLGOELPBLWONO OV4RJ8JW7W60P92BROBJ3 UYBGRVLOQGEL3')
go


insert into "USER" (USER_ID, USERNAME, PASSWORD, EMAIL) values (16, 'KXVO7QM A040UPGH7E96', '0EU27OWWUHD8NCDNM1DN4TF4MUB5DU', ' 035CT4N6570E0WL9S09UWOBE5K1YQHWT2SIJVPUTR BS41MKAXHYQM')
go


insert into "USER" (USER_ID, USERNAME, PASSWORD, EMAIL) values (4, 'V6NRYSO BBKRFNCUMRBY', 'DR953OUHOS M6600WFBVK5F 2P5JAA', 'PMDGCJS9HUASJ6QWC6 M8 XW0Q1IGW82T 25E50X71273Q10DX Q1DG')
go


insert into "USER" (USER_ID, USERNAME, PASSWORD, EMAIL) values (14, 'VY4A2DNIRSILTXKD1A H', 'GWSF12C1B7VDRJNRPYNIQ L1NDSCTK', 'K0FB6147X4DT6 K5J3PKU4ONKN7SM3845CQ6172QAM30N M7DLOO2MD')
go


insert into "USER" (USER_ID, USERNAME, PASSWORD, EMAIL) values (10, 'J1IS7K66WCBL XCACILW', '73EUUFY10ESRCW65F82NKELEVKLEXN', 'T8FH4BPTJ083FUY03FTUSD8WEUR360K20VHOID85MNHEQ196YPQQ3SM')
go


insert into "USER" (USER_ID, USERNAME, PASSWORD, EMAIL) values (3, 'E WYSPRQV61ANU0WL1IH', 'NUF04HYS6R6THLY64 50727USRTSJN', '1DH4JKEYWYE42B45CLOFXFO7O6P 9M03FW1T03MW0P 7EMGV9XWXDQG')
go


insert into "USER" (USER_ID, USERNAME, PASSWORD, EMAIL) values (18, 'T9CYN0NK1DT8W580XEX3', 'XOP9EX5DP3BRM9LGNIWC3G6D56KFIP', 'UJ 4OCVTLH5DEWURGAKW3SC UQDADULSAOSUFB4L5IIJ20NHRP6LPQ3')
go


insert into "USER" (USER_ID, USERNAME, PASSWORD, EMAIL) values (8, '4TUDTG1ABYVCUE0D4WAM', 'J2A JK8QYERECBOU6EKQ7E72U19AML', ' MI0YMTQOOYCWFXGGPNNPHJ66Y EPG6DBP84568OV63OFE9O3E0L7V3')
go


insert into "USER" (USER_ID, USERNAME, PASSWORD, EMAIL) values (13, '35T81VT81WNXJ6XMVOKE', 'OFMTSN28PFXM2CNIGN8R086Y293VFJ', 'TV8TD DIEKOFCB FQO R4TJXFX8MILXQQ8TVLAVE5Y4KK0L2Y3CI7JN')
go


insert into "USER" (USER_ID, USERNAME, PASSWORD, EMAIL) values (9, 'WI9PPT5FJVRXOYBV5SRE', '26O0RC8DKK8 BIL115NRL3FXCRXLMW', 'T30EC0H0VXLYLQR22GBP1  0B9TIRU90BU0 0VPUB5XXFUMH1V811 5')
go


insert into "USER" (USER_ID, USERNAME, PASSWORD, EMAIL) values (17, 'DOXH7ON2P 826I8297HN', 'TTE KMRFPBULUECPK8QWLD3CF8N7PK', 'SO85SX6RF6PB6C58TAXX0O678ARVUSCI35B2H9L1BLCX8 A6RILVLLB')
go


insert into "USER" (USER_ID, USERNAME, PASSWORD, EMAIL) values (0, 'YNCC5XEUTVOP82V95GJP', '3GNMJH1GD1C6Y7CR37B2B5DNFMR4FJ', '3W691UD3BI1Q7YYU6J3CHBFWU4Y7P094 OHAATRIW73HUL3XGHO0DR5')
go


insert into PREDICTIONMODEL (MODEL_ID, USER_ID, MODELNAME, DESCRIPTION, CREATEDAT) values (11, 1, '21FYTF3JA1JJH58IAVKCB8IHNRI80D', '34MCMOUDHVFJ9VBOOU7YGU111DRM0T3BC3DLHFPT51W38JEEGB', '1468-4-19 8:15:0')
go


insert into PREDICTIONMODEL (MODEL_ID, USER_ID, MODELNAME, DESCRIPTION, CREATEDAT) values (0, 6, '6XFC90OXF374CA3KUL1Y8D2QQOTRCE', '9M2B LDMS2IC8Y1W34RTXGI9KV74Q3YUFBJ7NFRYM2L61K093B', '1384-10-22 7:43:6')
go


insert into PREDICTIONMODEL (MODEL_ID, USER_ID, MODELNAME, DESCRIPTION, CREATEDAT) values (14, 3, '1HP3CDLJKAAO1BQ960SF932X841B82', 'QBD T6VQXOJI17KNCBOQXLR9OBY 22U 25J15MG K0JKEFQQEB', '1201-12-7 6:46:41')
go


insert into PREDICTIONMODEL (MODEL_ID, USER_ID, MODELNAME, DESCRIPTION, CREATEDAT) values (7, 13, 'Y8WSQML0  9E63NGMWQX E46KN5J6L', 'GPE2XROF51TJXKTDLFLR4KNP92OX47XMYMP6 7S DNX65YIQDW', '1145-8-24 6:28:24')
go


insert into PREDICTIONMODEL (MODEL_ID, USER_ID, MODELNAME, DESCRIPTION, CREATEDAT) values (8, 17, 'LXRSLHWSO8Y4PR XJBVWS9UPD69FBR', '11SW55SXEB3BNETS7  UOA2PUPFM WC9C6JYEIW42H5PNODH7V', '129-8-18 0:20:3')
go


insert into PREDICTIONMODEL (MODEL_ID, USER_ID, MODELNAME, DESCRIPTION, CREATEDAT) values (3, 9, '6I7N3FAAAMMXU0 C0JTQ8ANJ38F0FG', '1EGDD7 8VJJ6OBA5O87P1KYNYPE7L2XGI3J312N3P8WR5 H9KQ', '379-8-22 1:13:18')
go


insert into PREDICTIONMODEL (MODEL_ID, USER_ID, MODELNAME, DESCRIPTION, CREATEDAT) values (6, 13, 'G1KS1N3TBGE 8410COX3AJDCPQXRDQ', 'QH9BDAC1TI3XGOVQT0FC2VCQ5J73I2R0KCBCG4A28W6ISPTMMK', '1066-2-12 5:47:43')
go


insert into PREDICTIONMODEL (MODEL_ID, USER_ID, MODELNAME, DESCRIPTION, CREATEDAT) values (1, 16, 'C8B390P8WU7S2HXSPP6RVIDOTLIGYR', 'O3BHBNT9XNVE17OKLQB8XLCJQ6W22NLWGCF3D2TF5JVE8VH75K', '1-1-1 0:0:0')
go


insert into PREDICTIONMODEL (MODEL_ID, USER_ID, MODELNAME, DESCRIPTION, CREATEDAT) values (10, 9, 'YB7IYAJIHUJQKLLHQ0Y 17CI822WSQ', 'WXK088DHLIM6U068C7DNHA8SVHD6R5Q 2SM8IPCVL2L5WLVWXI', '676-5-21 3:50:30')
go


insert into PREDICTIONMODEL (MODEL_ID, USER_ID, MODELNAME, DESCRIPTION, CREATEDAT) values (12, 8, '4ILU1BFH4CAWXX6QP6DTT2N59LMNHE', 'BJIXAE AOTQYN4NPPO1EKXK39YN68IV1EH260GDUG003Y6BVKC', '1786-5-31 9:47:1')
go


insert into PREDICTIONMODEL (MODEL_ID, USER_ID, MODELNAME, DESCRIPTION, CREATEDAT) values (4, 4, 'F9U2BFUY204FRXW91KFJAD8EW6Y1XE', '6JL6150ME3L9V3 OOMT0 C9GMQBDPP6PP4N9G6FNWD DFAJWBP', '1572-9-16 8:33:35')
go


insert into PREDICTIONMODEL (MODEL_ID, USER_ID, MODELNAME, DESCRIPTION, CREATEDAT) values (9, 11, 'CHG4WBU5I2CS4F4D5Q82B9GR0PRI5W', 'MSHGNRRX5VSNJ80Y7PY5DKA4X79K467AONGNLPM2NB1JD4SR5P', '912-10-10 5:7:53')
go


insert into PREDICTIONMODEL (MODEL_ID, USER_ID, MODELNAME, DESCRIPTION, CREATEDAT) values (19, 13, '9DVU20JVJ7TISA SATDN0MAWL7Y0GU', '1CFPVCLPKNFFDL1UV6L5WDEQ2Q6AV29LI3LCG1A1O29KLBBQWR', '570-2-22 3:12:59')
go


insert into PREDICTIONMODEL (MODEL_ID, USER_ID, MODELNAME, DESCRIPTION, CREATEDAT) values (15, 12, ' 0BM3GL6C4ERGH8F3QST3OU8MR2UNN', 'TY7C2DGWA5CXGRI7LMV3G0L4XTMGSPLEHKGC ILX3MN8DL4U98', '256-7-5 0:45:3')
go


insert into PREDICTIONMODEL (MODEL_ID, USER_ID, MODELNAME, DESCRIPTION, CREATEDAT) values (16, 5, 'BE  I73KKBCA501DKR69VYROAF2WUY', '98AC8E TMSD60B2X2F5GU386ON9J9FLE8WLXDR2T6UQM055ITH', '430-6-5 1:51:23')
go


insert into PREDICTIONMODEL (MODEL_ID, USER_ID, MODELNAME, DESCRIPTION, CREATEDAT) values (5, 8, 'O5UX48W8POLQYB282XVAE7FVPU37R7', '5JGVFSOM20RMSUREUJOC2L8 3HENGCX4C4L1M CCDLEE5WAR54', '1259-10-25 7:15:4')
go


insert into PREDICTIONMODEL (MODEL_ID, USER_ID, MODELNAME, DESCRIPTION, CREATEDAT) values (17, 8, 'NX1UPT1R04HNQSCMQU8D9C2UC8JN1S', 'TJWF69CBW X00UNLBOUTQVFQU25DLTAJA4R4TN3M4JKJ1SNEK3', '801-2-11 4:31:36')
go


insert into PREDICTIONMODEL (MODEL_ID, USER_ID, MODELNAME, DESCRIPTION, CREATEDAT) values (13, 17, 'RKWHSGLSTWRERAA2TD6 L3133M6BDJ', 'CWCY31N3FKW4ORI X1BRJ0K MKG0O 9XHC25Y3BDSDU4GRTGU3', '984-12-24 5:31:32')
go


insert into PREDICTIONMODEL (MODEL_ID, USER_ID, MODELNAME, DESCRIPTION, CREATEDAT) values (18, 15, 'WY84CFFCSD635F4QDRQLUK9Y5J0I4N', 'A2K2P9G739LU53SR7U8I7Y57FYCJE25NQTPGVOK663 HXSYDH4', '490-10-2 2:32:23')
go


insert into PREDICTIONMODEL (MODEL_ID, USER_ID, MODELNAME, DESCRIPTION, CREATEDAT) values (2, 7, 'E3DD9Y6EAULVEML GHRY5CSR0XYRWM', 'QYM8N13KR4GNLO116T9OPNCU4G7GUW0W13QVJAPORL1A3O2ITV', '1671-8-6 9:7:51')
go


insert into PORTOFOLIO (PORTOFOLIO_ID, USER_ID, NAME) values (19, 15, 'RFP13XB ESG C0 AHK3HP7UVDHHRQ ')
go


insert into PORTOFOLIO (PORTOFOLIO_ID, USER_ID, NAME) values (3, 8, 'I96EQHENB45XCFYLER4OBNBM 9H5OK')
go


insert into PORTOFOLIO (PORTOFOLIO_ID, USER_ID, NAME) values (4, 19, 'ABYONYRGUKCMR5 38KOTC4F6ND2P3C')
go


insert into PORTOFOLIO (PORTOFOLIO_ID, USER_ID, NAME) values (11, 6, 'VNJBO1LYKH6B7S6OXAB2UTC19UYO31')
go


insert into PORTOFOLIO (PORTOFOLIO_ID, USER_ID, NAME) values (13, 16, ' H 460WAUYIV8LPR75O P7W6DEYCN1')
go


insert into PORTOFOLIO (PORTOFOLIO_ID, USER_ID, NAME) values (8, 4, '7GS81G6N43PEEFT5P2JP4 8HDJVAKP')
go


insert into PORTOFOLIO (PORTOFOLIO_ID, USER_ID, NAME) values (2, 12, 'Y3SYUUM4C3W1OYLDJE546MJIM6TDHX')
go


insert into PORTOFOLIO (PORTOFOLIO_ID, USER_ID, NAME) values (9, 14, 'PCV1BDTNU29XULMFWCSH2AEDW4B5U5')
go


insert into PORTOFOLIO (PORTOFOLIO_ID, USER_ID, NAME) values (7, 4, '6MI26V9IL7CJ8DK4KPTBQ4ERQLJUJY')
go


insert into PORTOFOLIO (PORTOFOLIO_ID, USER_ID, NAME) values (15, 3, '476YO4F461D7BAE9QXYY7SAQ8O 0G2')
go


insert into PORTOFOLIO (PORTOFOLIO_ID, USER_ID, NAME) values (17, 3, 'BRAR1LD4Y1LKLGHEP407FELJ8DL4BK')
go


insert into PORTOFOLIO (PORTOFOLIO_ID, USER_ID, NAME) values (5, 13, '4NHF1 KED5VH4L102FS542YGYV1QL0')
go


insert into PORTOFOLIO (PORTOFOLIO_ID, USER_ID, NAME) values (18, 8, '2CJRKG4XTBXM31CIP0V856TJQPTE17')
go


insert into PORTOFOLIO (PORTOFOLIO_ID, USER_ID, NAME) values (1, 7, 'D8XK82Y0BJ6ITEAWWNXR671NVG9V96')
go


insert into PORTOFOLIO (PORTOFOLIO_ID, USER_ID, NAME) values (0, 13, '9U3JUNALSXEPABERYXI8BQT3IS3QCV')
go


insert into PORTOFOLIO (PORTOFOLIO_ID, USER_ID, NAME) values (14, 4, 'VPLBXM24AR0N6626ICBLUDPK6 BCC1')
go


insert into PORTOFOLIO (PORTOFOLIO_ID, USER_ID, NAME) values (12, 18, '2OSTNX403OEGACIOQPJ9D4N3915G4S')
go


insert into PORTOFOLIO (PORTOFOLIO_ID, USER_ID, NAME) values (6, 7, 'G0RKNUVQX8Q7AW5RBQSPGY BPCF25H')
go


insert into PORTOFOLIO (PORTOFOLIO_ID, USER_ID, NAME) values (16, 6, 'A9D82UMEGDMO2Q4SUDIV02OCPNS XS')
go


insert into PORTOFOLIO (PORTOFOLIO_ID, USER_ID, NAME) values (10, 11, '6FYH03V0HMC4IMFEN5EA0HFX6PW9SQ')
go


insert into PORTOFOLIOITEM (ITEM_ID, PORTOFOLIO_ID, QUANTITY, PURCHASEPRICE, PURCHASEDATE, PORTTOFOLIO_SYMBOL) values (8, 0, 7, 9, 18, 'BTC')
go


insert into PORTOFOLIOITEM (ITEM_ID, PORTOFOLIO_ID, QUANTITY, PURCHASEPRICE, PURCHASEDATE, PORTTOFOLIO_SYMBOL) values (19, 15, 15, 10, 10, 'BTC')
go


insert into PORTOFOLIOITEM (ITEM_ID, PORTOFOLIO_ID, QUANTITY, PURCHASEPRICE, PURCHASEDATE, PORTTOFOLIO_SYMBOL) values (11, 18, 1, 11, 15, 'BTC')
go


insert into PORTOFOLIOITEM (ITEM_ID, PORTOFOLIO_ID, QUANTITY, PURCHASEPRICE, PURCHASEDATE, PORTTOFOLIO_SYMBOL) values (4, 3, 0, 12, 9, 'BTC')
go


insert into PORTOFOLIOITEM (ITEM_ID, PORTOFOLIO_ID, QUANTITY, PURCHASEPRICE, PURCHASEDATE, PORTTOFOLIO_SYMBOL) values (12, 18, 6, 0, 6, 'BTC')
go


insert into PORTOFOLIOITEM (ITEM_ID, PORTOFOLIO_ID, QUANTITY, PURCHASEPRICE, PURCHASEDATE, PORTTOFOLIO_SYMBOL) values (2, 15, 18, 18, 19, 'BTC')
go


insert into PORTOFOLIOITEM (ITEM_ID, PORTOFOLIO_ID, QUANTITY, PURCHASEPRICE, PURCHASEDATE, PORTTOFOLIO_SYMBOL) values (1, 4, 17, 3, 5, 'BTC')
go


insert into PORTOFOLIOITEM (ITEM_ID, PORTOFOLIO_ID, QUANTITY, PURCHASEPRICE, PURCHASEDATE, PORTTOFOLIO_SYMBOL) values (5, 3, 16, 13, 1, 'BTC')
go


insert into PORTOFOLIOITEM (ITEM_ID, PORTOFOLIO_ID, QUANTITY, PURCHASEPRICE, PURCHASEDATE, PORTTOFOLIO_SYMBOL) values (15, 2, 12, 1, 2, 'BTC')
go


insert into PORTOFOLIOITEM (ITEM_ID, PORTOFOLIO_ID, QUANTITY, PURCHASEPRICE, PURCHASEDATE, PORTTOFOLIO_SYMBOL) values (9, 12, 8, 4, 7, 'BTC')
go


insert into PORTOFOLIOITEM (ITEM_ID, PORTOFOLIO_ID, QUANTITY, PURCHASEPRICE, PURCHASEDATE, PORTTOFOLIO_SYMBOL) values (14, 15, 2, 5, 12, 'BTC')
go


insert into PORTOFOLIOITEM (ITEM_ID, PORTOFOLIO_ID, QUANTITY, PURCHASEPRICE, PURCHASEDATE, PORTTOFOLIO_SYMBOL) values (7, 1, 9, 16, 17, 'BTC')
go


insert into PORTOFOLIOITEM (ITEM_ID, PORTOFOLIO_ID, QUANTITY, PURCHASEPRICE, PURCHASEDATE, PORTTOFOLIO_SYMBOL) values (6, 4, 14, 2, 16, 'BTC')
go


insert into PORTOFOLIOITEM (ITEM_ID, PORTOFOLIO_ID, QUANTITY, PURCHASEPRICE, PURCHASEDATE, PORTTOFOLIO_SYMBOL) values (10, 7, 10, 8, 11, 'BTC')
go


insert into PORTOFOLIOITEM (ITEM_ID, PORTOFOLIO_ID, QUANTITY, PURCHASEPRICE, PURCHASEDATE, PORTTOFOLIO_SYMBOL) values (3, 12, 5, 17, 4, 'BTC')
go


insert into PORTOFOLIOITEM (ITEM_ID, PORTOFOLIO_ID, QUANTITY, PURCHASEPRICE, PURCHASEDATE, PORTTOFOLIO_SYMBOL) values (17, 17, 13, 6, 14, 'BTC')
go


insert into PORTOFOLIOITEM (ITEM_ID, PORTOFOLIO_ID, QUANTITY, PURCHASEPRICE, PURCHASEDATE, PORTTOFOLIO_SYMBOL) values (0, 2, 11, 14, 3, 'BTC')
go


insert into PORTOFOLIOITEM (ITEM_ID, PORTOFOLIO_ID, QUANTITY, PURCHASEPRICE, PURCHASEDATE, PORTTOFOLIO_SYMBOL) values (18, 17, 19, 19, 13, 'BTC')
go


insert into PORTOFOLIOITEM (ITEM_ID, PORTOFOLIO_ID, QUANTITY, PURCHASEPRICE, PURCHASEDATE, PORTTOFOLIO_SYMBOL) values (13, 12, 3, 7, 8, 'BTC')
go


insert into PORTOFOLIOITEM (ITEM_ID, PORTOFOLIO_ID, QUANTITY, PURCHASEPRICE, PURCHASEDATE, PORTTOFOLIO_SYMBOL) values (16, 2, 4, 15, 0, 'BTC')
go


insert into "TRANSACTION" (TRANSACTION_ID, PORTOFOLIO_ID, ITEM_ID, TRANSACTION_SYMBOL, PRICE, TRANSACTION_TIMESTAMP, TRANSACTION_QUANTITY) values (15, 1, 4, 'BTC', 6, '488-9-13 2:24:28', 12)
go


insert into "TRANSACTION" (TRANSACTION_ID, PORTOFOLIO_ID, ITEM_ID, TRANSACTION_SYMBOL, PRICE, TRANSACTION_TIMESTAMP, TRANSACTION_QUANTITY) values (14, 3, 5, 'BTC', 15, '903-10-20 3:59:31', 11)
go


insert into "TRANSACTION" (TRANSACTION_ID, PORTOFOLIO_ID, ITEM_ID, TRANSACTION_SYMBOL, PRICE, TRANSACTION_TIMESTAMP, TRANSACTION_QUANTITY) values (11, 15, 0, 'BTC', 18, '1957-11-29 8:29:48', 0)
go


insert into "TRANSACTION" (TRANSACTION_ID, PORTOFOLIO_ID, ITEM_ID, TRANSACTION_SYMBOL, PRICE, TRANSACTION_TIMESTAMP, TRANSACTION_QUANTITY) values (4, 14, 17, 'BTC', 1, '1868-12-2 7:51:0', 8)
go


insert into "TRANSACTION" (TRANSACTION_ID, PORTOFOLIO_ID, ITEM_ID, TRANSACTION_SYMBOL, PRICE, TRANSACTION_TIMESTAMP, TRANSACTION_QUANTITY) values (19, 12, 0, 'BTC', 16, '337-6-21 1:36:17', 13)
go


insert into "TRANSACTION" (TRANSACTION_ID, PORTOFOLIO_ID, ITEM_ID, TRANSACTION_SYMBOL, PRICE, TRANSACTION_TIMESTAMP, TRANSACTION_QUANTITY) values (8, 5, 7, 'BTC', 12, '1683-7-20 6:45:19', 7)
go


insert into "TRANSACTION" (TRANSACTION_ID, PORTOFOLIO_ID, ITEM_ID, TRANSACTION_SYMBOL, PRICE, TRANSACTION_TIMESTAMP, TRANSACTION_QUANTITY) values (9, 3, 14, 'BTC', 5, '987-1-3 4:31:6', 19)
go


insert into "TRANSACTION" (TRANSACTION_ID, PORTOFOLIO_ID, ITEM_ID, TRANSACTION_SYMBOL, PRICE, TRANSACTION_TIMESTAMP, TRANSACTION_QUANTITY) values (5, 11, 14, 'BTC', 3, '1-1-1 0:0:0', 17)
go


insert into "TRANSACTION" (TRANSACTION_ID, PORTOFOLIO_ID, ITEM_ID, TRANSACTION_SYMBOL, PRICE, TRANSACTION_TIMESTAMP, TRANSACTION_QUANTITY) values (12, 11, 14, 'BTC', 9, '762-11-27 3:21:43', 6)
go


insert into "TRANSACTION" (TRANSACTION_ID, PORTOFOLIO_ID, ITEM_ID, TRANSACTION_SYMBOL, PRICE, TRANSACTION_TIMESTAMP, TRANSACTION_QUANTITY) values (10, 8, 12, 'BTC', 2, '1308-8-23 5:37:11', 18)
go


insert into "TRANSACTION" (TRANSACTION_ID, PORTOFOLIO_ID, ITEM_ID, TRANSACTION_SYMBOL, PRICE, TRANSACTION_TIMESTAMP, TRANSACTION_QUANTITY) values (2, 5, 12, 'BTC', 8, '1439-9-29 5:56:26', 15)
go


insert into "TRANSACTION" (TRANSACTION_ID, PORTOFOLIO_ID, ITEM_ID, TRANSACTION_SYMBOL, PRICE, TRANSACTION_TIMESTAMP, TRANSACTION_QUANTITY) values (0, 4, 17, 'BTC', 14, '1744-4-18 7:27:20', 10)
go


insert into "TRANSACTION" (TRANSACTION_ID, PORTOFOLIO_ID, ITEM_ID, TRANSACTION_SYMBOL, PRICE, TRANSACTION_TIMESTAMP, TRANSACTION_QUANTITY) values (1, 8, 14, 'BTC', 7, '710-5-5 3:1:34', 5)
go


insert into "TRANSACTION" (TRANSACTION_ID, PORTOFOLIO_ID, ITEM_ID, TRANSACTION_SYMBOL, PRICE, TRANSACTION_TIMESTAMP, TRANSACTION_QUANTITY) values (13, 4, 6, 'BTC', 19, '1130-10-3 5:0:48', 16)
go


insert into "TRANSACTION" (TRANSACTION_ID, PORTOFOLIO_ID, ITEM_ID, TRANSACTION_SYMBOL, PRICE, TRANSACTION_TIMESTAMP, TRANSACTION_QUANTITY) values (18, 14, 8, 'BTC', 4, '1584-10-18 6:20:17', 3)
go


insert into "TRANSACTION" (TRANSACTION_ID, PORTOFOLIO_ID, ITEM_ID, TRANSACTION_SYMBOL, PRICE, TRANSACTION_TIMESTAMP, TRANSACTION_QUANTITY) values (3, 19, 18, 'BTC', 11, '1208-9-10 5:15:4', 14)
go


insert into "TRANSACTION" (TRANSACTION_ID, PORTOFOLIO_ID, ITEM_ID, TRANSACTION_SYMBOL, PRICE, TRANSACTION_TIMESTAMP, TRANSACTION_QUANTITY) values (17, 12, 0, 'BTC', 10, '228-3-17 1:10:4', 1)
go


insert into "TRANSACTION" (TRANSACTION_ID, PORTOFOLIO_ID, ITEM_ID, TRANSACTION_SYMBOL, PRICE, TRANSACTION_TIMESTAMP, TRANSACTION_QUANTITY) values (7, 9, 9, 'BTC', 0, '635-9-29 2:43:58', 4)
go


insert into "TRANSACTION" (TRANSACTION_ID, PORTOFOLIO_ID, ITEM_ID, TRANSACTION_SYMBOL, PRICE, TRANSACTION_TIMESTAMP, TRANSACTION_QUANTITY) values (6, 2, 11, 'BTC', 13, '115-5-15 0:35:0', 2)
go


insert into "TRANSACTION" (TRANSACTION_ID, PORTOFOLIO_ID, ITEM_ID, TRANSACTION_SYMBOL, PRICE, TRANSACTION_TIMESTAMP, TRANSACTION_QUANTITY) values (16, 19, 3, 'BTC', 17, '417-12-8 1:59:51', 9)
go


insert into MARKETDATA (DATA_ID, ITEM_ID, MD_SYMBOL, OPENPRICE, CLOSEPRICE, HIGHPRICE, LOWPRICE, VOLUME, MD_TIMESTAMP) values (3, 7, 'BTC', 1, 6, 3, 6, 19, '1-1-1 0:0:0')
go


insert into MARKETDATA (DATA_ID, ITEM_ID, MD_SYMBOL, OPENPRICE, CLOSEPRICE, HIGHPRICE, LOWPRICE, VOLUME, MD_TIMESTAMP) values (4, 2, 'BTC', 13, 0, 6, 7, 9, '317-1-5 1:15:45')
go


insert into MARKETDATA (DATA_ID, ITEM_ID, MD_SYMBOL, OPENPRICE, CLOSEPRICE, HIGHPRICE, LOWPRICE, VOLUME, MD_TIMESTAMP) values (16, 12, 'BTC', 0, 13, 18, 15, 4, '1923-5-18 8:9:26')
go


insert into MARKETDATA (DATA_ID, ITEM_ID, MD_SYMBOL, OPENPRICE, CLOSEPRICE, HIGHPRICE, LOWPRICE, VOLUME, MD_TIMESTAMP) values (7, 0, 'BTC', 3, 12, 9, 19, 17, '555-5-27 1:56:32')
go


insert into MARKETDATA (DATA_ID, ITEM_ID, MD_SYMBOL, OPENPRICE, CLOSEPRICE, HIGHPRICE, LOWPRICE, VOLUME, MD_TIMESTAMP) values (6, 2, 'BTC', 11, 18, 16, 0, 1, '1413-4-13 5:40:41')
go


insert into MARKETDATA (DATA_ID, ITEM_ID, MD_SYMBOL, OPENPRICE, CLOSEPRICE, HIGHPRICE, LOWPRICE, VOLUME, MD_TIMESTAMP) values (19, 13, 'BTC', 16, 4, 7, 5, 13, '1499-9-8 6:6:23')
go


insert into MARKETDATA (DATA_ID, ITEM_ID, MD_SYMBOL, OPENPRICE, CLOSEPRICE, HIGHPRICE, LOWPRICE, VOLUME, MD_TIMESTAMP) values (14, 7, 'BTC', 2, 15, 12, 9, 16, '785-6-23 2:44:34')
go


insert into MARKETDATA (DATA_ID, ITEM_ID, MD_SYMBOL, OPENPRICE, CLOSEPRICE, HIGHPRICE, LOWPRICE, VOLUME, MD_TIMESTAMP) values (17, 5, 'BTC', 14, 14, 0, 13, 18, '1268-10-1 5:22:56')
go


insert into MARKETDATA (DATA_ID, ITEM_ID, MD_SYMBOL, OPENPRICE, CLOSEPRICE, HIGHPRICE, LOWPRICE, VOLUME, MD_TIMESTAMP) values (1, 1, 'BTC', 18, 2, 14, 11, 15, '1862-12-31 7:52:21')
go


insert into MARKETDATA (DATA_ID, ITEM_ID, MD_SYMBOL, OPENPRICE, CLOSEPRICE, HIGHPRICE, LOWPRICE, VOLUME, MD_TIMESTAMP) values (12, 17, 'BTC', 5, 10, 8, 14, 6, '179-2-21 0:47:27')
go


insert into MARKETDATA (DATA_ID, ITEM_ID, MD_SYMBOL, OPENPRICE, CLOSEPRICE, HIGHPRICE, LOWPRICE, VOLUME, MD_TIMESTAMP) values (9, 5, 'BTC', 8, 16, 5, 1, 10, '416-6-28 1:30:43')
go


insert into MARKETDATA (DATA_ID, ITEM_ID, MD_SYMBOL, OPENPRICE, CLOSEPRICE, HIGHPRICE, LOWPRICE, VOLUME, MD_TIMESTAMP) values (15, 13, 'BTC', 10, 3, 17, 12, 8, '1648-9-11 6:43:10')
go


insert into MARKETDATA (DATA_ID, ITEM_ID, MD_SYMBOL, OPENPRICE, CLOSEPRICE, HIGHPRICE, LOWPRICE, VOLUME, MD_TIMESTAMP) values (13, 4, 'BTC', 9, 11, 15, 3, 11, '1107-7-20 4:35:32')
go


insert into MARKETDATA (DATA_ID, ITEM_ID, MD_SYMBOL, OPENPRICE, CLOSEPRICE, HIGHPRICE, LOWPRICE, VOLUME, MD_TIMESTAMP) values (11, 13, 'BTC', 15, 17, 19, 8, 0, '1014-1-2 4:4:24')
go


insert into MARKETDATA (DATA_ID, ITEM_ID, MD_SYMBOL, OPENPRICE, CLOSEPRICE, HIGHPRICE, LOWPRICE, VOLUME, MD_TIMESTAMP) values (2, 0, 'BTC', 7, 1, 1, 16, 3, '881-12-8 3:4:45')
go


insert into MARKETDATA (DATA_ID, ITEM_ID, MD_SYMBOL, OPENPRICE, CLOSEPRICE, HIGHPRICE, LOWPRICE, VOLUME, MD_TIMESTAMP) values (0, 2, 'BTC', 17, 5, 4, 18, 2, '1719-4-9 7:12:39')
go


insert into MARKETDATA (DATA_ID, ITEM_ID, MD_SYMBOL, OPENPRICE, CLOSEPRICE, HIGHPRICE, LOWPRICE, VOLUME, MD_TIMESTAMP) values (5, 11, 'BTC', 6, 19, 2, 17, 5, '935-4-11 3:43:46')
go


insert into MARKETDATA (DATA_ID, ITEM_ID, MD_SYMBOL, OPENPRICE, CLOSEPRICE, HIGHPRICE, LOWPRICE, VOLUME, MD_TIMESTAMP) values (18, 15, 'BTC', 12, 9, 13, 4, 7, '59-4-27 0:31:52')
go


insert into MARKETDATA (DATA_ID, ITEM_ID, MD_SYMBOL, OPENPRICE, CLOSEPRICE, HIGHPRICE, LOWPRICE, VOLUME, MD_TIMESTAMP) values (10, 18, 'BTC', 19, 7, 11, 2, 14, '662-5-6 2:22:36')
go


insert into MARKETDATA (DATA_ID, ITEM_ID, MD_SYMBOL, OPENPRICE, CLOSEPRICE, HIGHPRICE, LOWPRICE, VOLUME, MD_TIMESTAMP) values (8, 6, 'BTC', 4, 8, 10, 10, 12, '1219-10-20 4:49:47')
go


